{
  "base_url": "https://unkode-mania.net/",
  "language_pages": [
    "https://unkode-mania.net/lang/ActionScript",
    "https://unkode-mania.net/lang/C",
    "https://unkode-mania.net/lang/CPP",
    "https://unkode-mania.net/lang/CS",
    "https://unkode-mania.net/lang/Cobol",
    "https://unkode-mania.net/lang/HTML",
    "https://unkode-mania.net/lang/Java",
    "https://unkode-mania.net/lang/JavaScript",
    "https://unkode-mania.net/lang/ObjC",
    "https://unkode-mania.net/lang/PHP",
    "https://unkode-mania.net/lang/Perl",
    "https://unkode-mania.net/lang/Python",
    "https://unkode-mania.net/lang/Ruby",
    "https://unkode-mania.net/lang/VB.net",
    "https://unkode-mania.net/lang/VBA",
    "https://unkode-mania.net/lang/other",
    "https://unkode-mania.net/lang/typescript"
  ],
  "content_links_total": 476,
  "links_by_language_page": {
    "https://unkode-mania.net/lang/ActionScript": [
      "https://unkode-mania.net/view/51c7ef5db8c18e685d000001"
    ],
    "https://unkode-mania.net/lang/C": [
      "https://unkode-mania.net/view/50177f11fc12b2e54a000000",
      "https://unkode-mania.net/view/5017bc1c013bf2d22f000001",
      "https://unkode-mania.net/view/5017c2fb88f62a4864000003",
      "https://unkode-mania.net/view/5018b519fc612dd374000001",
      "https://unkode-mania.net/view/5018c86138cffa782a000002",
      "https://unkode-mania.net/view/5018df3a7e19b40f5a000041",
      "https://unkode-mania.net/view/50190e3781ca45c73f000000",
      "https://unkode-mania.net/view/5019451560eeef9b26000002",
      "https://unkode-mania.net/view/501a9663bbdfca1048000013",
      "https://unkode-mania.net/view/501b64f03013278128000000",
      "https://unkode-mania.net/view/5029d76feef2c72b65000004",
      "https://unkode-mania.net/view/5029dfefeef2c7f06d000016",
      "https://unkode-mania.net/view/5029e01feef2c7852b00000c",
      "https://unkode-mania.net/view/5029f64fc774190b1e000002",
      "https://unkode-mania.net/view/5029fdd3c774190710000006",
      "https://unkode-mania.net/view/502a154bc77419f812000005",
      "https://unkode-mania.net/view/502a1b27c77419712b000006",
      "https://unkode-mania.net/view/502a5f5786565d5b4a000000",
      "https://unkode-mania.net/view/502a72dd86565d231c000002",
      "https://unkode-mania.net/view/502a9baf86565d0915000001",
      "https://unkode-mania.net/view/502ada7f86565d4751000000",
      "https://unkode-mania.net/view/502aee3d86565d0312000000",
      "https://unkode-mania.net/view/502af5ee86565de272000002",
      "https://unkode-mania.net/view/502b4abf7d7552c832000001",
      "https://unkode-mania.net/view/502b5c767d75520b58000002",
      "https://unkode-mania.net/view/502b5f5e7d75520c51000008",
      "https://unkode-mania.net/view/502ba4247d75526c1c000001",
      "https://unkode-mania.net/view/502bb057bde030727b000004",
      "https://unkode-mania.net/view/502bb46030ed99ad1e000003",
      "https://unkode-mania.net/view/502bbfcb30ed993647000005",
      "https://unkode-mania.net/view/502c3d8d8948ac1506000001",
      "https://unkode-mania.net/view/502c84808948ac5a1d000019",
      "https://unkode-mania.net/view/502d14889251a9df4200000c",
      "https://unkode-mania.net/view/502e55df81376aba02000003",
      "https://unkode-mania.net/view/502f1a97ab0bbfbd3b000002",
      "https://unkode-mania.net/view/50305c79943a41ef3d000001",
      "https://unkode-mania.net/view/5030e43f383b80ef5f000006",
      "https://unkode-mania.net/view/5032488c383b80240b000009",
      "https://unkode-mania.net/view/5055e449a753b5d160000008",
      "https://unkode-mania.net/view/5081804e6c404df108000003",
      "https://unkode-mania.net/view/5087dd36dd1d39e53e00000d",
      "https://unkode-mania.net/view/509b4fadc2a4d1cf09000001",
      "https://unkode-mania.net/view/50cb152f969ce0d97f000026",
      "https://unkode-mania.net/view/50ceccab969ce0ca66000001",
      "https://unkode-mania.net/view/51142354ff22d3cd5a00001a",
      "https://unkode-mania.net/view/5146a80dff22d3c42d000005",
      "https://unkode-mania.net/view/5149b4b5ff22d3af1c000000",
      "https://unkode-mania.net/view/51af610a6381d5922a000001",
      "https://unkode-mania.net/view/51cc21d8b8c18e2506000003",
      "https://unkode-mania.net/view/51f37c6381b8a1011b000003",
      "https://unkode-mania.net/view/5209ee29b2b9fa7c32000005",
      "https://unkode-mania.net/view/521812a8b2b9fae71d000003",
      "https://unkode-mania.net/view/5218a43bb2b9fa035b000002",
      "https://unkode-mania.net/view/522eeb37b2b9fa8003000001",
      "https://unkode-mania.net/view/52516fb93708040c73000002",
      "https://unkode-mania.net/view/527b156d5d669d9935000002",
      "https://unkode-mania.net/view/528731d85d669de737000010",
      "https://unkode-mania.net/view/52a4e39a5d669d6b2f000001",
      "https://unkode-mania.net/view/52c03d4c1c1ccdab4d000004",
      "https://unkode-mania.net/view/53055057e41bfe5b09000001",
      "https://unkode-mania.net/view/5309f3b9e41bfed506000002",
      "https://unkode-mania.net/view/5377b10be41bfed414000004",
      "https://unkode-mania.net/view/5390b0fee41bfe1959000001",
      "https://unkode-mania.net/view/5399cc1ce41bfe3e34000000",
      "https://unkode-mania.net/view/53d13146e41bfed411000001",
      "https://unkode-mania.net/view/53fd9edae41bfef727000001",
      "https://unkode-mania.net/view/553bb2340e64015a3f000003",
      "https://unkode-mania.net/view/556dc1fa0e64011935000001",
      "https://unkode-mania.net/view/56dc11132e73d90b6d000001",
      "https://unkode-mania.net/view/58e25c7f818b81603e000001",
      "https://unkode-mania.net/view/592014628e5526a51a000000",
      "https://unkode-mania.net/view/5922b70c1e83eec653000000",
      "https://unkode-mania.net/view/5964ecf1e6502f7c7f000000",
      "https://unkode-mania.net/view/597626c72602b70828000004",
      "https://unkode-mania.net/view/5a2a90c7472a525c0d000000",
      "https://unkode-mania.net/view/5a5361d163ba754d76000000",
      "https://unkode-mania.net/view/5a8565efa7e97d7754000001",
      "https://unkode-mania.net/view/5ab80330bc70b61347000001",
      "https://unkode-mania.net/view/5b0fc79bb7da433066000001",
      "https://unkode-mania.net/view/5be05239f1de81a802000005",
      "https://unkode-mania.net/view/5c239804cddc712b56000000",
      "https://unkode-mania.net/view/5c23988dcddc712b56000003",
      "https://unkode-mania.net/view/5c2398f8cddc712b56000005",
      "https://unkode-mania.net/view/5c3ea3e889f6d5be68000000",
      "https://unkode-mania.net/view/5cb363a3a4ca4a4e07000000"
    ],
    "https://unkode-mania.net/lang/CPP": [
      "https://unkode-mania.net/view/5019208444f2527722000000",
      "https://unkode-mania.net/view/501a93c8bbdfca1048000011",
      "https://unkode-mania.net/view/501aa641bbdfca104800001c",
      "https://unkode-mania.net/view/5029d03aeef2c7126e000008",
      "https://unkode-mania.net/view/502a85e486565d6b54000002",
      "https://unkode-mania.net/view/502a93e186565dc339000000",
      "https://unkode-mania.net/view/502b3cb17d7552574b000000",
      "https://unkode-mania.net/view/502ba9187d75523555000007",
      "https://unkode-mania.net/view/502bc8ac30ed996976000002",
      "https://unkode-mania.net/view/502c4ba08948aca67a000005",
      "https://unkode-mania.net/view/502cf681844fbb0e10000003",
      "https://unkode-mania.net/view/502e87c049ff94784c000004",
      "https://unkode-mania.net/view/5030ffd7383b80451c00000a",
      "https://unkode-mania.net/view/50317c8d383b80f51f000001",
      "https://unkode-mania.net/view/503335a4383b806377000004",
      "https://unkode-mania.net/view/5034e9ac55182b5138000002",
      "https://unkode-mania.net/view/503651694525594e6d000014",
      "https://unkode-mania.net/view/504e9e43a753b5ab70000001",
      "https://unkode-mania.net/view/5054a217a753b5e406000007",
      "https://unkode-mania.net/view/50561cd3a753b5d320000005",
      "https://unkode-mania.net/view/511ddc50ff22d39212000006",
      "https://unkode-mania.net/view/5129aaaeff22d35204000000",
      "https://unkode-mania.net/view/51362449ff22d3ce02000000",
      "https://unkode-mania.net/view/51c0166bb8c18e0465000007",
      "https://unkode-mania.net/view/5219b045b2b9fac542000001",
      "https://unkode-mania.net/view/52395beb3708049858000001",
      "https://unkode-mania.net/view/5284f2d35d669d8f02000001",
      "https://unkode-mania.net/view/53754395e41bfe7e6a000001",
      "https://unkode-mania.net/view/54ebd734fe54fe2959000001",
      "https://unkode-mania.net/view/552b94f40e6401224b000001",
      "https://unkode-mania.net/view/553145d20e6401353f000001",
      "https://unkode-mania.net/view/556474590e64010d13000001",
      "https://unkode-mania.net/view/597633fcb605ccd93600000d",
      "https://unkode-mania.net/view/5977429c0914eb2566000000",
      "https://unkode-mania.net/view/5979dc4009c6558220000000",
      "https://unkode-mania.net/view/5a94e365e29e513e55000008",
      "https://unkode-mania.net/view/5ad1de7fa257e48c13000029",
      "https://unkode-mania.net/view/5be41ecd0c70ba1f2e000001",
      "https://unkode-mania.net/view/5c38993836cfa9332e000000"
    ],
    "https://unkode-mania.net/lang/CS": [
      "https://unkode-mania.net/view/50161007ca7e335322000000",
      "https://unkode-mania.net/view/50180f4f5994c34e32000000",
      "https://unkode-mania.net/view/5019f492151a708d6a000002",
      "https://unkode-mania.net/view/5029d845eef2c7d35f000000",
      "https://unkode-mania.net/view/5029db97eef2c75407000003",
      "https://unkode-mania.net/view/502b498a7d75526b73000003",
      "https://unkode-mania.net/view/502b55c57d7552925f00000e",
      "https://unkode-mania.net/view/502c997f844fbb2660000000",
      "https://unkode-mania.net/view/502df746f9e3c84d77000000",
      "https://unkode-mania.net/view/502dfca8dd9e3a1830000006",
      "https://unkode-mania.net/view/502ee60eab0bbf0741000059",
      "https://unkode-mania.net/view/503064f1943a41d47b000008",
      "https://unkode-mania.net/view/5038988464264a625c000008",
      "https://unkode-mania.net/view/5040107b9b60664523000001",
      "https://unkode-mania.net/view/50719a4ea753b5de7a000002",
      "https://unkode-mania.net/view/520b0877b2b9fa560f000001",
      "https://unkode-mania.net/view/521352c6b2b9fa6f1c000000",
      "https://unkode-mania.net/view/526427c15d669d694f000001",
      "https://unkode-mania.net/view/527769f35d669df21d000000",
      "https://unkode-mania.net/view/53a813f8e41bfea202000001",
      "https://unkode-mania.net/view/54c1b1c6e41bfea568000001",
      "https://unkode-mania.net/view/55c224e94db97d8205000001",
      "https://unkode-mania.net/view/589177e133102a4439000001",
      "https://unkode-mania.net/view/58a300b0535c6e0a2d000000",
      "https://unkode-mania.net/view/58a5574ff2f1fd7253000000",
      "https://unkode-mania.net/view/590d475d73a09a4c21000001",
      "https://unkode-mania.net/view/59ae7a3d47c4b16f60000001",
      "https://unkode-mania.net/view/59d799997f80ff3e15000001",
      "https://unkode-mania.net/view/5b89547adf0ff9a469000000",
      "https://unkode-mania.net/view/5c5fe9df2419ff8e19000000",
      "https://unkode-mania.net/view/5c62b3115fc9f4ab4c000000",
      "https://unkode-mania.net/view/5c62dda412ae17714f000000",
      "https://unkode-mania.net/view/5c6d5c27abad2ee020000000",
      "https://unkode-mania.net/view/616828fb2bacf17d4c67dd16",
      "https://unkode-mania.net/view/6425bb6d09bb26daa8fefb57"
    ],
    "https://unkode-mania.net/lang/Cobol": [
      "https://unkode-mania.net/view/502a625986565d6078000000"
    ],
    "https://unkode-mania.net/lang/HTML": [
      "https://unkode-mania.net/view/5091f53add1d395f54000000",
      "https://unkode-mania.net/view/50a221f5de7cf29f1b000002",
      "https://unkode-mania.net/view/50aba3b8de7cf23439000001",
      "https://unkode-mania.net/view/50b488a1dd45e2a047000006",
      "https://unkode-mania.net/view/50b710bb3106febb62000000",
      "https://unkode-mania.net/view/50ef899dff22d33509000003",
      "https://unkode-mania.net/view/50fce425ff22d37952000001",
      "https://unkode-mania.net/view/510a2a5aff22d31305000016",
      "https://unkode-mania.net/view/529b4a105d669d865800000b",
      "https://unkode-mania.net/view/52c0e1161c1ccdab4d00001b",
      "https://unkode-mania.net/view/53e61077e41bfe574e000001",
      "https://unkode-mania.net/view/54fd933cfe54fe1279000001",
      "https://unkode-mania.net/view/576499584d5aa2623f00005c",
      "https://unkode-mania.net/view/5921b2f9afb48db414000002",
      "https://unkode-mania.net/view/59426e10d6d0abbe48000001",
      "https://unkode-mania.net/view/5b6e697cf48a20ea5a000004",
      "https://unkode-mania.net/view/5c6c05cdc546edaa04000000",
      "https://unkode-mania.net/view/61c5151f0b7d2b62519ec03d"
    ],
    "https://unkode-mania.net/lang/Java": [
      "https://unkode-mania.net/view/5016619653eb124626000000",
      "https://unkode-mania.net/view/50179e38013bf27444000004",
      "https://unkode-mania.net/view/5017c16b88f62a4864000000",
      "https://unkode-mania.net/view/5017de366ce2e89241000005",
      "https://unkode-mania.net/view/5017eac25994c30805000000",
      "https://unkode-mania.net/view/5017f74c5994c33644000001",
      "https://unkode-mania.net/view/5017f92a5994c33644000005",
      "https://unkode-mania.net/view/501843515994c3d62b000001",
      "https://unkode-mania.net/view/5018456e5994c3d62b000002",
      "https://unkode-mania.net/view/501877a65994c3f256000006",
      "https://unkode-mania.net/view/50188f08fc612d1350000000",
      "https://unkode-mania.net/view/50189376fc612d1350000003",
      "https://unkode-mania.net/view/501893cdfc612d1350000013",
      "https://unkode-mania.net/view/50189789fc612d8e09000003",
      "https://unkode-mania.net/view/5018aea7fc612dc238000000",
      "https://unkode-mania.net/view/501908d27e19b43a0700000e",
      "https://unkode-mania.net/view/5029d0aeeef2c7ba68000000",
      "https://unkode-mania.net/view/5029e1a9eef2c7f861000008",
      "https://unkode-mania.net/view/5029e7d5e9b189d22e000001",
      "https://unkode-mania.net/view/5029f03221d47fa249000002",
      "https://unkode-mania.net/view/5029f7a2c774199050000001",
      "https://unkode-mania.net/view/5029f855c77419d30d000006",
      "https://unkode-mania.net/view/502af96b86565de865000000",
      "https://unkode-mania.net/view/502afaac86565d3a2300001f",
      "https://unkode-mania.net/view/502b0e8e24687b622100000d",
      "https://unkode-mania.net/view/502b4a9c7d7552c832000000",
      "https://unkode-mania.net/view/502b56887d7552fd1c000001",
      "https://unkode-mania.net/view/502b643b7d75524209000011",
      "https://unkode-mania.net/view/502bae5a7d7552db0f000001",
      "https://unkode-mania.net/view/502c5caf8948ac4560000002",
      "https://unkode-mania.net/view/502c61528948acbc58000000",
      "https://unkode-mania.net/view/502cbc23844fbb3646000004",
      "https://unkode-mania.net/view/502dfdf6dd9e3a183000000c",
      "https://unkode-mania.net/view/502e211ecea08e2b14000000",
      "https://unkode-mania.net/view/502e4d8881376a9043000000",
      "https://unkode-mania.net/view/502e8c9dab0bbff77b000000",
      "https://unkode-mania.net/view/50305ed0943a41ef3d000004",
      "https://unkode-mania.net/view/5030e1a6383b80ef5f000001",
      "https://unkode-mania.net/view/5030e3b5383b80ef5f000003",
      "https://unkode-mania.net/view/50326320383b806b09000000",
      "https://unkode-mania.net/view/5033834e57c8e41736000004",
      "https://unkode-mania.net/view/5035b6194525595031000024",
      "https://unkode-mania.net/view/5037197b452559eb6f000006",
      "https://unkode-mania.net/view/50374c27452559432e000015",
      "https://unkode-mania.net/view/503cf8bd81ce286163000001",
      "https://unkode-mania.net/view/503d7a6b81ce28fd1a000000",
      "https://unkode-mania.net/view/5040f47b9b6066a52e000003",
      "https://unkode-mania.net/view/5046382b109500f240000003",
      "https://unkode-mania.net/view/50463bee109500f240000004",
      "https://unkode-mania.net/view/50927c4bdd1d39db15000004",
      "https://unkode-mania.net/view/509b71cdc2a4d10e43000003",
      "https://unkode-mania.net/view/509ba9e1c2a4d18501000004",
      "https://unkode-mania.net/view/509c623fc2a4d1587f000001",
      "https://unkode-mania.net/view/50a079e461fd52135d00001f",
      "https://unkode-mania.net/view/50a1018a61fd523468000000",
      "https://unkode-mania.net/view/50f9701bff22d3210b000002",
      "https://unkode-mania.net/view/51223f8fff22d36771000003",
      "https://unkode-mania.net/view/515f572bff22d3de2100001b",
      "https://unkode-mania.net/view/5190dc9e1cf16d2d2a000016",
      "https://unkode-mania.net/view/5191a1931cf16d820f000004",
      "https://unkode-mania.net/view/519707ae1cf16da90d000003",
      "https://unkode-mania.net/view/522b4dd4b2b9fae40b000001",
      "https://unkode-mania.net/view/52a6c4935d669d0c26000001",
      "https://unkode-mania.net/view/52baf98e1c1ccded50000007",
      "https://unkode-mania.net/view/52d544061c1ccdce27000001",
      "https://unkode-mania.net/view/52d581f81c1ccdce27000002",
      "https://unkode-mania.net/view/5351e989e41bfe4c46000001",
      "https://unkode-mania.net/view/539b38bfe41bfe8753000001",
      "https://unkode-mania.net/view/53b69209e41bfe5a56000002",
      "https://unkode-mania.net/view/544a75a2e41bfef053000001",
      "https://unkode-mania.net/view/547b0953e41bfe066d000001",
      "https://unkode-mania.net/view/549cdc84e41bfe916d000001",
      "https://unkode-mania.net/view/553ba8200e64015a3f000001",
      "https://unkode-mania.net/view/5567087c0e6401fb42000001",
      "https://unkode-mania.net/view/5599f4064db97d7377000010",
      "https://unkode-mania.net/view/571f3799b329e8006e000001",
      "https://unkode-mania.net/view/58a3aa2f4e18cb9038000000",
      "https://unkode-mania.net/view/59762a15b605ccd936000004",
      "https://unkode-mania.net/view/5bd00d169e70e9586b000001",
      "https://unkode-mania.net/view/5c3e80a0d7ab982064000001"
    ],
    "https://unkode-mania.net/lang/JavaScript": [
      "https://unkode-mania.net/view/501816475994c34e32000007",
      "https://unkode-mania.net/view/5018ddaa7e19b40f5a000002",
      "https://unkode-mania.net/view/5029d45deef2c78e4c00001f",
      "https://unkode-mania.net/view/502a5b0c86565d4725000002",
      "https://unkode-mania.net/view/502a5cde86565d165a000000",
      "https://unkode-mania.net/view/502a5d1a86565d165a000001",
      "https://unkode-mania.net/view/502a5d5b86565d165a000002",
      "https://unkode-mania.net/view/502a5ddf86565d6017000003",
      "https://unkode-mania.net/view/502a7b7c86565d2236000003",
      "https://unkode-mania.net/view/502a7c9c86565d1272000002",
      "https://unkode-mania.net/view/502a893086565dcb0a000001",
      "https://unkode-mania.net/view/502b1fb024687b0f1a000010",
      "https://unkode-mania.net/view/502bbbcc30ed995d4d00000a",
      "https://unkode-mania.net/view/502c4e468948ac7538000029",
      "https://unkode-mania.net/view/502c9733844fbb4924000002",
      "https://unkode-mania.net/view/502ca29a844fbb771a000007",
      "https://unkode-mania.net/view/502dd136398962ea42000000",
      "https://unkode-mania.net/view/502dfbf0dd9e3a1830000005",
      "https://unkode-mania.net/view/5034bb2355182b977d000006",
      "https://unkode-mania.net/view/503717c1452559eb6f000000",
      "https://unkode-mania.net/view/503953bf34bf27a243000007",
      "https://unkode-mania.net/view/503a334734bf27ff52000000",
      "https://unkode-mania.net/view/503a3a7034bf27ff52000001",
      "https://unkode-mania.net/view/503c2a6c81ce28f518000004",
      "https://unkode-mania.net/view/504959f36a25570b65000000",
      "https://unkode-mania.net/view/505ed179a753b53b0c00000a",
      "https://unkode-mania.net/view/50632aaea753b5dd4c000001",
      "https://unkode-mania.net/view/5066b7eca753b50b1d000001",
      "https://unkode-mania.net/view/5072e361a753b5ab1200000e",
      "https://unkode-mania.net/view/50910bb3dd1d39e73b000001",
      "https://unkode-mania.net/view/50dfe7ef7d5f568c4b000000",
      "https://unkode-mania.net/view/511f410dff22d3b47f000000",
      "https://unkode-mania.net/view/5130b00bff22d37f4e00000c",
      "https://unkode-mania.net/view/51712c161cf16d8938000009",
      "https://unkode-mania.net/view/51de08849190041a36000001",
      "https://unkode-mania.net/view/52024793b2b9fa4568000000",
      "https://unkode-mania.net/view/5257de2f5d669d546d000001",
      "https://unkode-mania.net/view/52b6d8a71c1ccdd765000000",
      "https://unkode-mania.net/view/52bacae31c1ccded50000003",
      "https://unkode-mania.net/view/52bbda811c1ccd8d64000007",
      "https://unkode-mania.net/view/52d667c01c1ccdb949000003",
      "https://unkode-mania.net/view/52f9cce1e41bfe2c63000003",
      "https://unkode-mania.net/view/535678aae41bfe8422000007",
      "https://unkode-mania.net/view/5405b81be41bfea01b000001",
      "https://unkode-mania.net/view/540f0240e41bfe8111000012",
      "https://unkode-mania.net/view/5487ce6fe41bfe103a000001",
      "https://unkode-mania.net/view/557c4f6cc1dc38b62b000001",
      "https://unkode-mania.net/view/5756b4ba7d15a5e06b000001",
      "https://unkode-mania.net/view/575ff94e0c13e9546b000000",
      "https://unkode-mania.net/view/576a9215a02c3b2824000000",
      "https://unkode-mania.net/view/59f2f18e4c15bae844000007",
      "https://unkode-mania.net/view/5a8bfed2b1a2119649000001",
      "https://unkode-mania.net/view/5b11449d6d5a5f555d000000",
      "https://unkode-mania.net/view/5c45311e3d65f80a0f000001",
      "https://unkode-mania.net/view/61c42ed708ba992073692e6b"
    ],
    "https://unkode-mania.net/lang/ObjC": [
      "https://unkode-mania.net/view/509cc17261fd526a1a000001",
      "https://unkode-mania.net/view/509cc1c561fd526a1a000003",
      "https://unkode-mania.net/view/53b218e3e41bfed36a000002",
      "https://unkode-mania.net/view/55705da50e64019663000001",
      "https://unkode-mania.net/view/557454f40e6401fd23000000",
      "https://unkode-mania.net/view/55a373764db97d7160000000"
    ],
    "https://unkode-mania.net/lang/PHP": [
      "https://unkode-mania.net/view/501578d6ec7f39a917000001",
      "https://unkode-mania.net/view/5017a56b013bf2693c000001",
      "https://unkode-mania.net/view/501878c15994c3f256000014",
      "https://unkode-mania.net/view/501882b95994c3ed4b000004",
      "https://unkode-mania.net/view/5018dffc7e19b4b912000000",
      "https://unkode-mania.net/view/501a8bf0bbdfca1048000001",
      "https://unkode-mania.net/view/5023deec31cd1cbd55000003",
      "https://unkode-mania.net/view/5029d06eeef2c7f72c000009",
      "https://unkode-mania.net/view/5029d285eef2c7701e000004",
      "https://unkode-mania.net/view/5029d914eef2c70d5a000006",
      "https://unkode-mania.net/view/502a8ec086565d6e41000003",
      "https://unkode-mania.net/view/502af5c186565de272000000",
      "https://unkode-mania.net/view/502afcb286565d4b56000000",
      "https://unkode-mania.net/view/502bd54330ed99d02a000001",
      "https://unkode-mania.net/view/502c374d8948ac694d000003",
      "https://unkode-mania.net/view/502c81118948ac0a25000004",
      "https://unkode-mania.net/view/50323348383b809649000000",
      "https://unkode-mania.net/view/50338f6957c8e49774000008",
      "https://unkode-mania.net/view/50391ee634bf27a243000002",
      "https://unkode-mania.net/view/503cafd781ce28245f000005",
      "https://unkode-mania.net/view/504453931095000c1c000000",
      "https://unkode-mania.net/view/504592bd1095004e34000006",
      "https://unkode-mania.net/view/50464ce0109500bd0300000a",
      "https://unkode-mania.net/view/5052e663a753b53c71000000",
      "https://unkode-mania.net/view/5055a477a753b5a71c000003",
      "https://unkode-mania.net/view/50744bb5a753b5144d000003",
      "https://unkode-mania.net/view/50753432526901123e00004e",
      "https://unkode-mania.net/view/507fc8e56c404d4d48000002",
      "https://unkode-mania.net/view/509b3f94c2a4d15548000001",
      "https://unkode-mania.net/view/509db1a961fd528e20000009",
      "https://unkode-mania.net/view/509e097e61fd525b31000001",
      "https://unkode-mania.net/view/50ac1bf0de7cf2343900006c",
      "https://unkode-mania.net/view/50ac2309de7cf25e79000008",
      "https://unkode-mania.net/view/50b2d842e3405c1456000003",
      "https://unkode-mania.net/view/50b47a4add45e2a047000000",
      "https://unkode-mania.net/view/50b4f7b53106feb11f000001",
      "https://unkode-mania.net/view/50eeaae5ff22d3d623000006",
      "https://unkode-mania.net/view/50ef955eff22d33509000004",
      "https://unkode-mania.net/view/50f7f5c6ff22d39223000005",
      "https://unkode-mania.net/view/511870a5ff22d3e44c000003",
      "https://unkode-mania.net/view/511b4f35ff22d3936d000001",
      "https://unkode-mania.net/view/5131df75ff22d3be40000007",
      "https://unkode-mania.net/view/5133e630ff22d3b640000001",
      "https://unkode-mania.net/view/514ac7b0ff22d35f0a000007",
      "https://unkode-mania.net/view/514d2d98ff22d3be62000002",
      "https://unkode-mania.net/view/51714cef1cf16dd218000002",
      "https://unkode-mania.net/view/526a14f85d669db32a000001",
      "https://unkode-mania.net/view/53342e93e41bfe1d69000000",
      "https://unkode-mania.net/view/53702ff1e41bfe7f73000001",
      "https://unkode-mania.net/view/53abd8fee41bfe635b000001",
      "https://unkode-mania.net/view/54bfcce2e41bfe0955000001",
      "https://unkode-mania.net/view/557239f70e64018879000000",
      "https://unkode-mania.net/view/5887822c3bbe8bb238000000",
      "https://unkode-mania.net/view/58df4e2935e1f1280d000003",
      "https://unkode-mania.net/view/58dff7ed2e89749614000000",
      "https://unkode-mania.net/view/5920fb85688495dc3e000001",
      "https://unkode-mania.net/view/593bd76242f61dca64000002",
      "https://unkode-mania.net/view/615d7a80faae73b8292f0f68",
      "https://unkode-mania.net/view/6400c3d07308fafe1d1c26a3"
    ],
    "https://unkode-mania.net/lang/Perl": [
      "https://unkode-mania.net/view/5029df5eeef2c75e32000014",
      "https://unkode-mania.net/view/502a72ae86565d231c000001",
      "https://unkode-mania.net/view/502cc14a844fbbde3e000005"
    ],
    "https://unkode-mania.net/lang/Python": [
      "https://unkode-mania.net/view/50190ff244f2529164000000",
      "https://unkode-mania.net/view/501a0ed45ee6932d0b000001",
      "https://unkode-mania.net/view/5029e32deef2c7161800000e",
      "https://unkode-mania.net/view/5bef9f9289b479603d000001",
      "https://unkode-mania.net/view/5c176571e24fd64313000001",
      "https://unkode-mania.net/view/5c8f95de80271fee52000001",
      "https://unkode-mania.net/view/61331f87c4b6a6cc50ed29f2",
      "https://unkode-mania.net/view/6145beaf94b791c966bf7a71",
      "https://unkode-mania.net/view/634900c616a61bafcb25b880",
      "https://unkode-mania.net/view/635201b33f52c21efbd59ba8",
      "https://unkode-mania.net/view/63f33bfe2d2fef9270888e8e"
    ],
    "https://unkode-mania.net/lang/Ruby": [
      "https://unkode-mania.net/view/502b55327d7552925f000002",
      "https://unkode-mania.net/view/504d7477a753b52a55000001",
      "https://unkode-mania.net/view/504ddf1da753b59061000000",
      "https://unkode-mania.net/view/50619f28a753b5e235000000",
      "https://unkode-mania.net/view/508c9051dd1d39495e000001",
      "https://unkode-mania.net/view/50a65b0dde7cf2871a000000",
      "https://unkode-mania.net/view/50b03676e3405c3001000002",
      "https://unkode-mania.net/view/513894dbff22d3202c000002",
      "https://unkode-mania.net/view/5212b0f0b2b9fa3c47000001",
      "https://unkode-mania.net/view/522c89d8b2b9faa16b000006",
      "https://unkode-mania.net/view/52aef600657e6e7108000001",
      "https://unkode-mania.net/view/53a178ebe41bfefd61000001",
      "https://unkode-mania.net/view/59b75491cd22555717000001",
      "https://unkode-mania.net/view/59f8256af04e006b5800000e",
      "https://unkode-mania.net/view/5b7e31f3402f783530000000"
    ],
    "https://unkode-mania.net/lang/VB.net": [
      "https://unkode-mania.net/view/5019211f44f2527722000001",
      "https://unkode-mania.net/view/5029c00831cd1cb838000002",
      "https://unkode-mania.net/view/5029cef6eef2c7f134000000",
      "https://unkode-mania.net/view/5029d38eeef2c71354000005",
      "https://unkode-mania.net/view/5029de8beef2c7e137000014",
      "https://unkode-mania.net/view/5029ea96e9b189c712000010",
      "https://unkode-mania.net/view/502a0f0ac774198574000011",
      "https://unkode-mania.net/view/502af38886565d9c3e000004",
      "https://unkode-mania.net/view/502b95ec7d75529476000001",
      "https://unkode-mania.net/view/502ba3097d7552735d000001",
      "https://unkode-mania.net/view/50cb5748969ce08177000000",
      "https://unkode-mania.net/view/5113a8e9ff22d33a60000003",
      "https://unkode-mania.net/view/57635442cda0fbf523000001"
    ],
    "https://unkode-mania.net/lang/VBA": [
      "https://unkode-mania.net/view/50179c07013bf2ca09000006",
      "https://unkode-mania.net/view/5019f4bb151a708d6a000003",
      "https://unkode-mania.net/view/5029e71fe9b189fd3900001a",
      "https://unkode-mania.net/view/502a7d7586565d752f000000",
      "https://unkode-mania.net/view/502fd6da943a41e63e000000",
      "https://unkode-mania.net/view/503e12a581ce28df2a000001",
      "https://unkode-mania.net/view/5ace1bea00aa661e49000004",
      "https://unkode-mania.net/view/64140ac27f7faf38c6b49870"
    ],
    "https://unkode-mania.net/lang/other": [
      "https://unkode-mania.net/view/5017a994013bf24077000000",
      "https://unkode-mania.net/view/5017b715013bf2a771000001",
      "https://unkode-mania.net/view/5029e290eef2c7cf5a00000d",
      "https://unkode-mania.net/view/5029f944c774197d06000002",
      "https://unkode-mania.net/view/502a14d0c77419f812000000",
      "https://unkode-mania.net/view/502a54a286565d280b000008",
      "https://unkode-mania.net/view/502a568086565ded3f00000c",
      "https://unkode-mania.net/view/502a6be886565d5344000004",
      "https://unkode-mania.net/view/502b616e7d7552cf0f00001d",
      "https://unkode-mania.net/view/502babdb7d75522b50000001",
      "https://unkode-mania.net/view/502bb8e330ed99c353000004",
      "https://unkode-mania.net/view/502bbca730ed995d4d000013",
      "https://unkode-mania.net/view/502c30058948ac0c52000003",
      "https://unkode-mania.net/view/502e4e4281376a9043000003",
      "https://unkode-mania.net/view/503248fe383b80240b00000a",
      "https://unkode-mania.net/view/5033997a57c8e4c136000002",
      "https://unkode-mania.net/view/50374295452559c36d000001",
      "https://unkode-mania.net/view/503748e1452559432e000009",
      "https://unkode-mania.net/view/50375b78452559432e000029",
      "https://unkode-mania.net/view/50391c6f34bf27a243000000",
      "https://unkode-mania.net/view/503e097e81ce280131000000",
      "https://unkode-mania.net/view/503e181081ce284b6a000000",
      "https://unkode-mania.net/view/5046b254109500b10a000009",
      "https://unkode-mania.net/view/5061cf84a753b5817a000006",
      "https://unkode-mania.net/view/50719324a753b5ee2e000002",
      "https://unkode-mania.net/view/50719b8ea753b5de7a000004",
      "https://unkode-mania.net/view/508bf658dd1d39495e000000",
      "https://unkode-mania.net/view/50b2dedbe3405c145600000a",
      "https://unkode-mania.net/view/50e985f9ff22d3c84200000b",
      "https://unkode-mania.net/view/50f96373ff22d3210b000001",
      "https://unkode-mania.net/view/50fcff76ff22d37952000009",
      "https://unkode-mania.net/view/51342314ff22d3ce3c000002",
      "https://unkode-mania.net/view/55e595f94eba59860d000001",
      "https://unkode-mania.net/view/5602a63640a6737b3b000009",
      "https://unkode-mania.net/view/56a649f234ea5eeb0f000000",
      "https://unkode-mania.net/view/56fc373c55e2865e0e000001",
      "https://unkode-mania.net/view/576015f58f52511105000002",
      "https://unkode-mania.net/view/58fb3a6025df90721b000001",
      "https://unkode-mania.net/view/5a92549db2a4473130000001",
      "https://unkode-mania.net/view/5ae175131cbf917f72000001",
      "https://unkode-mania.net/view/5ca53436d02f7efc76000001",
      "https://unkode-mania.net/view/5df0a4469724c38714000000",
      "https://unkode-mania.net/view/63e626f9ea7172ff1d53b369",
      "https://unkode-mania.net/view/64436a0704bfedcb6e68024c"
    ],
    "https://unkode-mania.net/lang/typescript": [
      "https://unkode-mania.net/view/63f08525ea21bd475dcd8f8a",
      "https://unkode-mania.net/view/63fdaa0de4f85b3815eefba2",
      "https://unkode-mania.net/view/6400bcaaecfae3d421e653e4"
    ]
  },
  "content_links": [
    "https://unkode-mania.net/view/501578d6ec7f39a917000001",
    "https://unkode-mania.net/view/50161007ca7e335322000000",
    "https://unkode-mania.net/view/5016619653eb124626000000",
    "https://unkode-mania.net/view/50177f11fc12b2e54a000000",
    "https://unkode-mania.net/view/50179c07013bf2ca09000006",
    "https://unkode-mania.net/view/50179e38013bf27444000004",
    "https://unkode-mania.net/view/5017a56b013bf2693c000001",
    "https://unkode-mania.net/view/5017a994013bf24077000000",
    "https://unkode-mania.net/view/5017b715013bf2a771000001",
    "https://unkode-mania.net/view/5017bc1c013bf2d22f000001",
    "https://unkode-mania.net/view/5017c16b88f62a4864000000",
    "https://unkode-mania.net/view/5017c2fb88f62a4864000003",
    "https://unkode-mania.net/view/5017de366ce2e89241000005",
    "https://unkode-mania.net/view/5017eac25994c30805000000",
    "https://unkode-mania.net/view/5017f74c5994c33644000001",
    "https://unkode-mania.net/view/5017f92a5994c33644000005",
    "https://unkode-mania.net/view/50180f4f5994c34e32000000",
    "https://unkode-mania.net/view/501816475994c34e32000007",
    "https://unkode-mania.net/view/501843515994c3d62b000001",
    "https://unkode-mania.net/view/5018456e5994c3d62b000002",
    "https://unkode-mania.net/view/501877a65994c3f256000006",
    "https://unkode-mania.net/view/501878c15994c3f256000014",
    "https://unkode-mania.net/view/501882b95994c3ed4b000004",
    "https://unkode-mania.net/view/50188f08fc612d1350000000",
    "https://unkode-mania.net/view/50189376fc612d1350000003",
    "https://unkode-mania.net/view/501893cdfc612d1350000013",
    "https://unkode-mania.net/view/50189789fc612d8e09000003",
    "https://unkode-mania.net/view/5018aea7fc612dc238000000",
    "https://unkode-mania.net/view/5018b519fc612dd374000001",
    "https://unkode-mania.net/view/5018c86138cffa782a000002",
    "https://unkode-mania.net/view/5018ddaa7e19b40f5a000002",
    "https://unkode-mania.net/view/5018df3a7e19b40f5a000041",
    "https://unkode-mania.net/view/5018dffc7e19b4b912000000",
    "https://unkode-mania.net/view/501908d27e19b43a0700000e",
    "https://unkode-mania.net/view/50190e3781ca45c73f000000",
    "https://unkode-mania.net/view/50190ff244f2529164000000",
    "https://unkode-mania.net/view/5019208444f2527722000000",
    "https://unkode-mania.net/view/5019211f44f2527722000001",
    "https://unkode-mania.net/view/5019451560eeef9b26000002",
    "https://unkode-mania.net/view/5019f492151a708d6a000002",
    "https://unkode-mania.net/view/5019f4bb151a708d6a000003",
    "https://unkode-mania.net/view/501a0ed45ee6932d0b000001",
    "https://unkode-mania.net/view/501a8bf0bbdfca1048000001",
    "https://unkode-mania.net/view/501a93c8bbdfca1048000011",
    "https://unkode-mania.net/view/501a9663bbdfca1048000013",
    "https://unkode-mania.net/view/501aa641bbdfca104800001c",
    "https://unkode-mania.net/view/501b64f03013278128000000",
    "https://unkode-mania.net/view/5023deec31cd1cbd55000003",
    "https://unkode-mania.net/view/5029c00831cd1cb838000002",
    "https://unkode-mania.net/view/5029cef6eef2c7f134000000",
    "https://unkode-mania.net/view/5029d03aeef2c7126e000008",
    "https://unkode-mania.net/view/5029d06eeef2c7f72c000009",
    "https://unkode-mania.net/view/5029d0aeeef2c7ba68000000",
    "https://unkode-mania.net/view/5029d285eef2c7701e000004",
    "https://unkode-mania.net/view/5029d38eeef2c71354000005",
    "https://unkode-mania.net/view/5029d45deef2c78e4c00001f",
    "https://unkode-mania.net/view/5029d76feef2c72b65000004",
    "https://unkode-mania.net/view/5029d845eef2c7d35f000000",
    "https://unkode-mania.net/view/5029d914eef2c70d5a000006",
    "https://unkode-mania.net/view/5029db97eef2c75407000003",
    "https://unkode-mania.net/view/5029de8beef2c7e137000014",
    "https://unkode-mania.net/view/5029df5eeef2c75e32000014",
    "https://unkode-mania.net/view/5029dfefeef2c7f06d000016",
    "https://unkode-mania.net/view/5029e01feef2c7852b00000c",
    "https://unkode-mania.net/view/5029e1a9eef2c7f861000008",
    "https://unkode-mania.net/view/5029e290eef2c7cf5a00000d",
    "https://unkode-mania.net/view/5029e32deef2c7161800000e",
    "https://unkode-mania.net/view/5029e71fe9b189fd3900001a",
    "https://unkode-mania.net/view/5029e7d5e9b189d22e000001",
    "https://unkode-mania.net/view/5029ea96e9b189c712000010",
    "https://unkode-mania.net/view/5029f03221d47fa249000002",
    "https://unkode-mania.net/view/5029f64fc774190b1e000002",
    "https://unkode-mania.net/view/5029f7a2c774199050000001",
    "https://unkode-mania.net/view/5029f855c77419d30d000006",
    "https://unkode-mania.net/view/5029f944c774197d06000002",
    "https://unkode-mania.net/view/5029fdd3c774190710000006",
    "https://unkode-mania.net/view/502a0f0ac774198574000011",
    "https://unkode-mania.net/view/502a14d0c77419f812000000",
    "https://unkode-mania.net/view/502a154bc77419f812000005",
    "https://unkode-mania.net/view/502a1b27c77419712b000006",
    "https://unkode-mania.net/view/502a54a286565d280b000008",
    "https://unkode-mania.net/view/502a568086565ded3f00000c",
    "https://unkode-mania.net/view/502a5b0c86565d4725000002",
    "https://unkode-mania.net/view/502a5cde86565d165a000000",
    "https://unkode-mania.net/view/502a5d1a86565d165a000001",
    "https://unkode-mania.net/view/502a5d5b86565d165a000002",
    "https://unkode-mania.net/view/502a5ddf86565d6017000003",
    "https://unkode-mania.net/view/502a5f5786565d5b4a000000",
    "https://unkode-mania.net/view/502a625986565d6078000000",
    "https://unkode-mania.net/view/502a6be886565d5344000004",
    "https://unkode-mania.net/view/502a72ae86565d231c000001",
    "https://unkode-mania.net/view/502a72dd86565d231c000002",
    "https://unkode-mania.net/view/502a7b7c86565d2236000003",
    "https://unkode-mania.net/view/502a7c9c86565d1272000002",
    "https://unkode-mania.net/view/502a7d7586565d752f000000",
    "https://unkode-mania.net/view/502a85e486565d6b54000002",
    "https://unkode-mania.net/view/502a893086565dcb0a000001",
    "https://unkode-mania.net/view/502a8ec086565d6e41000003",
    "https://unkode-mania.net/view/502a93e186565dc339000000",
    "https://unkode-mania.net/view/502a9baf86565d0915000001",
    "https://unkode-mania.net/view/502ada7f86565d4751000000",
    "https://unkode-mania.net/view/502aee3d86565d0312000000",
    "https://unkode-mania.net/view/502af38886565d9c3e000004",
    "https://unkode-mania.net/view/502af5c186565de272000000",
    "https://unkode-mania.net/view/502af5ee86565de272000002",
    "https://unkode-mania.net/view/502af96b86565de865000000",
    "https://unkode-mania.net/view/502afaac86565d3a2300001f",
    "https://unkode-mania.net/view/502afcb286565d4b56000000",
    "https://unkode-mania.net/view/502b0e8e24687b622100000d",
    "https://unkode-mania.net/view/502b1fb024687b0f1a000010",
    "https://unkode-mania.net/view/502b3cb17d7552574b000000",
    "https://unkode-mania.net/view/502b498a7d75526b73000003",
    "https://unkode-mania.net/view/502b4a9c7d7552c832000000",
    "https://unkode-mania.net/view/502b4abf7d7552c832000001",
    "https://unkode-mania.net/view/502b55327d7552925f000002",
    "https://unkode-mania.net/view/502b55c57d7552925f00000e",
    "https://unkode-mania.net/view/502b56887d7552fd1c000001",
    "https://unkode-mania.net/view/502b5c767d75520b58000002",
    "https://unkode-mania.net/view/502b5f5e7d75520c51000008",
    "https://unkode-mania.net/view/502b616e7d7552cf0f00001d",
    "https://unkode-mania.net/view/502b643b7d75524209000011",
    "https://unkode-mania.net/view/502b95ec7d75529476000001",
    "https://unkode-mania.net/view/502ba3097d7552735d000001",
    "https://unkode-mania.net/view/502ba4247d75526c1c000001",
    "https://unkode-mania.net/view/502ba9187d75523555000007",
    "https://unkode-mania.net/view/502babdb7d75522b50000001",
    "https://unkode-mania.net/view/502bae5a7d7552db0f000001",
    "https://unkode-mania.net/view/502bb057bde030727b000004",
    "https://unkode-mania.net/view/502bb46030ed99ad1e000003",
    "https://unkode-mania.net/view/502bb8e330ed99c353000004",
    "https://unkode-mania.net/view/502bbbcc30ed995d4d00000a",
    "https://unkode-mania.net/view/502bbca730ed995d4d000013",
    "https://unkode-mania.net/view/502bbfcb30ed993647000005",
    "https://unkode-mania.net/view/502bc8ac30ed996976000002",
    "https://unkode-mania.net/view/502bd54330ed99d02a000001",
    "https://unkode-mania.net/view/502c30058948ac0c52000003",
    "https://unkode-mania.net/view/502c374d8948ac694d000003",
    "https://unkode-mania.net/view/502c3d8d8948ac1506000001",
    "https://unkode-mania.net/view/502c4ba08948aca67a000005",
    "https://unkode-mania.net/view/502c4e468948ac7538000029",
    "https://unkode-mania.net/view/502c5caf8948ac4560000002",
    "https://unkode-mania.net/view/502c61528948acbc58000000",
    "https://unkode-mania.net/view/502c81118948ac0a25000004",
    "https://unkode-mania.net/view/502c84808948ac5a1d000019",
    "https://unkode-mania.net/view/502c9733844fbb4924000002",
    "https://unkode-mania.net/view/502c997f844fbb2660000000",
    "https://unkode-mania.net/view/502ca29a844fbb771a000007",
    "https://unkode-mania.net/view/502cbc23844fbb3646000004",
    "https://unkode-mania.net/view/502cc14a844fbbde3e000005",
    "https://unkode-mania.net/view/502cf681844fbb0e10000003",
    "https://unkode-mania.net/view/502d14889251a9df4200000c",
    "https://unkode-mania.net/view/502dd136398962ea42000000",
    "https://unkode-mania.net/view/502df746f9e3c84d77000000",
    "https://unkode-mania.net/view/502dfbf0dd9e3a1830000005",
    "https://unkode-mania.net/view/502dfca8dd9e3a1830000006",
    "https://unkode-mania.net/view/502dfdf6dd9e3a183000000c",
    "https://unkode-mania.net/view/502e211ecea08e2b14000000",
    "https://unkode-mania.net/view/502e4d8881376a9043000000",
    "https://unkode-mania.net/view/502e4e4281376a9043000003",
    "https://unkode-mania.net/view/502e55df81376aba02000003",
    "https://unkode-mania.net/view/502e87c049ff94784c000004",
    "https://unkode-mania.net/view/502e8c9dab0bbff77b000000",
    "https://unkode-mania.net/view/502ee60eab0bbf0741000059",
    "https://unkode-mania.net/view/502f1a97ab0bbfbd3b000002",
    "https://unkode-mania.net/view/502fd6da943a41e63e000000",
    "https://unkode-mania.net/view/50305c79943a41ef3d000001",
    "https://unkode-mania.net/view/50305ed0943a41ef3d000004",
    "https://unkode-mania.net/view/503064f1943a41d47b000008",
    "https://unkode-mania.net/view/5030e1a6383b80ef5f000001",
    "https://unkode-mania.net/view/5030e3b5383b80ef5f000003",
    "https://unkode-mania.net/view/5030e43f383b80ef5f000006",
    "https://unkode-mania.net/view/5030ffd7383b80451c00000a",
    "https://unkode-mania.net/view/50317c8d383b80f51f000001",
    "https://unkode-mania.net/view/50323348383b809649000000",
    "https://unkode-mania.net/view/5032488c383b80240b000009",
    "https://unkode-mania.net/view/503248fe383b80240b00000a",
    "https://unkode-mania.net/view/50326320383b806b09000000",
    "https://unkode-mania.net/view/503335a4383b806377000004",
    "https://unkode-mania.net/view/5033834e57c8e41736000004",
    "https://unkode-mania.net/view/50338f6957c8e49774000008",
    "https://unkode-mania.net/view/5033997a57c8e4c136000002",
    "https://unkode-mania.net/view/5034bb2355182b977d000006",
    "https://unkode-mania.net/view/5034e9ac55182b5138000002",
    "https://unkode-mania.net/view/5035b6194525595031000024",
    "https://unkode-mania.net/view/503651694525594e6d000014",
    "https://unkode-mania.net/view/503717c1452559eb6f000000",
    "https://unkode-mania.net/view/5037197b452559eb6f000006",
    "https://unkode-mania.net/view/50374295452559c36d000001",
    "https://unkode-mania.net/view/503748e1452559432e000009",
    "https://unkode-mania.net/view/50374c27452559432e000015",
    "https://unkode-mania.net/view/50375b78452559432e000029",
    "https://unkode-mania.net/view/5038988464264a625c000008",
    "https://unkode-mania.net/view/50391c6f34bf27a243000000",
    "https://unkode-mania.net/view/50391ee634bf27a243000002",
    "https://unkode-mania.net/view/503953bf34bf27a243000007",
    "https://unkode-mania.net/view/503a334734bf27ff52000000",
    "https://unkode-mania.net/view/503a3a7034bf27ff52000001",
    "https://unkode-mania.net/view/503c2a6c81ce28f518000004",
    "https://unkode-mania.net/view/503cafd781ce28245f000005",
    "https://unkode-mania.net/view/503cf8bd81ce286163000001",
    "https://unkode-mania.net/view/503d7a6b81ce28fd1a000000",
    "https://unkode-mania.net/view/503e097e81ce280131000000",
    "https://unkode-mania.net/view/503e12a581ce28df2a000001",
    "https://unkode-mania.net/view/503e181081ce284b6a000000",
    "https://unkode-mania.net/view/5040107b9b60664523000001",
    "https://unkode-mania.net/view/5040f47b9b6066a52e000003",
    "https://unkode-mania.net/view/504453931095000c1c000000",
    "https://unkode-mania.net/view/504592bd1095004e34000006",
    "https://unkode-mania.net/view/5046382b109500f240000003",
    "https://unkode-mania.net/view/50463bee109500f240000004",
    "https://unkode-mania.net/view/50464ce0109500bd0300000a",
    "https://unkode-mania.net/view/5046b254109500b10a000009",
    "https://unkode-mania.net/view/504959f36a25570b65000000",
    "https://unkode-mania.net/view/504d7477a753b52a55000001",
    "https://unkode-mania.net/view/504ddf1da753b59061000000",
    "https://unkode-mania.net/view/504e9e43a753b5ab70000001",
    "https://unkode-mania.net/view/5052e663a753b53c71000000",
    "https://unkode-mania.net/view/5054a217a753b5e406000007",
    "https://unkode-mania.net/view/5055a477a753b5a71c000003",
    "https://unkode-mania.net/view/5055e449a753b5d160000008",
    "https://unkode-mania.net/view/50561cd3a753b5d320000005",
    "https://unkode-mania.net/view/505ed179a753b53b0c00000a",
    "https://unkode-mania.net/view/50619f28a753b5e235000000",
    "https://unkode-mania.net/view/5061cf84a753b5817a000006",
    "https://unkode-mania.net/view/50632aaea753b5dd4c000001",
    "https://unkode-mania.net/view/5066b7eca753b50b1d000001",
    "https://unkode-mania.net/view/50719324a753b5ee2e000002",
    "https://unkode-mania.net/view/50719a4ea753b5de7a000002",
    "https://unkode-mania.net/view/50719b8ea753b5de7a000004",
    "https://unkode-mania.net/view/5072e361a753b5ab1200000e",
    "https://unkode-mania.net/view/50744bb5a753b5144d000003",
    "https://unkode-mania.net/view/50753432526901123e00004e",
    "https://unkode-mania.net/view/507fc8e56c404d4d48000002",
    "https://unkode-mania.net/view/5081804e6c404df108000003",
    "https://unkode-mania.net/view/5087dd36dd1d39e53e00000d",
    "https://unkode-mania.net/view/508bf658dd1d39495e000000",
    "https://unkode-mania.net/view/508c9051dd1d39495e000001",
    "https://unkode-mania.net/view/50910bb3dd1d39e73b000001",
    "https://unkode-mania.net/view/5091f53add1d395f54000000",
    "https://unkode-mania.net/view/50927c4bdd1d39db15000004",
    "https://unkode-mania.net/view/509b3f94c2a4d15548000001",
    "https://unkode-mania.net/view/509b4fadc2a4d1cf09000001",
    "https://unkode-mania.net/view/509b71cdc2a4d10e43000003",
    "https://unkode-mania.net/view/509ba9e1c2a4d18501000004",
    "https://unkode-mania.net/view/509c623fc2a4d1587f000001",
    "https://unkode-mania.net/view/509cc17261fd526a1a000001",
    "https://unkode-mania.net/view/509cc1c561fd526a1a000003",
    "https://unkode-mania.net/view/509db1a961fd528e20000009",
    "https://unkode-mania.net/view/509e097e61fd525b31000001",
    "https://unkode-mania.net/view/50a079e461fd52135d00001f",
    "https://unkode-mania.net/view/50a1018a61fd523468000000",
    "https://unkode-mania.net/view/50a221f5de7cf29f1b000002",
    "https://unkode-mania.net/view/50a65b0dde7cf2871a000000",
    "https://unkode-mania.net/view/50aba3b8de7cf23439000001",
    "https://unkode-mania.net/view/50ac1bf0de7cf2343900006c",
    "https://unkode-mania.net/view/50ac2309de7cf25e79000008",
    "https://unkode-mania.net/view/50b03676e3405c3001000002",
    "https://unkode-mania.net/view/50b2d842e3405c1456000003",
    "https://unkode-mania.net/view/50b2dedbe3405c145600000a",
    "https://unkode-mania.net/view/50b47a4add45e2a047000000",
    "https://unkode-mania.net/view/50b488a1dd45e2a047000006",
    "https://unkode-mania.net/view/50b4f7b53106feb11f000001",
    "https://unkode-mania.net/view/50b710bb3106febb62000000",
    "https://unkode-mania.net/view/50cb152f969ce0d97f000026",
    "https://unkode-mania.net/view/50cb5748969ce08177000000",
    "https://unkode-mania.net/view/50ceccab969ce0ca66000001",
    "https://unkode-mania.net/view/50dfe7ef7d5f568c4b000000",
    "https://unkode-mania.net/view/50e985f9ff22d3c84200000b",
    "https://unkode-mania.net/view/50eeaae5ff22d3d623000006",
    "https://unkode-mania.net/view/50ef899dff22d33509000003",
    "https://unkode-mania.net/view/50ef955eff22d33509000004",
    "https://unkode-mania.net/view/50f7f5c6ff22d39223000005",
    "https://unkode-mania.net/view/50f96373ff22d3210b000001",
    "https://unkode-mania.net/view/50f9701bff22d3210b000002",
    "https://unkode-mania.net/view/50fce425ff22d37952000001",
    "https://unkode-mania.net/view/50fcff76ff22d37952000009",
    "https://unkode-mania.net/view/510a2a5aff22d31305000016",
    "https://unkode-mania.net/view/5113a8e9ff22d33a60000003",
    "https://unkode-mania.net/view/51142354ff22d3cd5a00001a",
    "https://unkode-mania.net/view/511870a5ff22d3e44c000003",
    "https://unkode-mania.net/view/511b4f35ff22d3936d000001",
    "https://unkode-mania.net/view/511ddc50ff22d39212000006",
    "https://unkode-mania.net/view/511f410dff22d3b47f000000",
    "https://unkode-mania.net/view/51223f8fff22d36771000003",
    "https://unkode-mania.net/view/5129aaaeff22d35204000000",
    "https://unkode-mania.net/view/5130b00bff22d37f4e00000c",
    "https://unkode-mania.net/view/5131df75ff22d3be40000007",
    "https://unkode-mania.net/view/5133e630ff22d3b640000001",
    "https://unkode-mania.net/view/51342314ff22d3ce3c000002",
    "https://unkode-mania.net/view/51362449ff22d3ce02000000",
    "https://unkode-mania.net/view/513894dbff22d3202c000002",
    "https://unkode-mania.net/view/5146a80dff22d3c42d000005",
    "https://unkode-mania.net/view/5149b4b5ff22d3af1c000000",
    "https://unkode-mania.net/view/514ac7b0ff22d35f0a000007",
    "https://unkode-mania.net/view/514d2d98ff22d3be62000002",
    "https://unkode-mania.net/view/515f572bff22d3de2100001b",
    "https://unkode-mania.net/view/51712c161cf16d8938000009",
    "https://unkode-mania.net/view/51714cef1cf16dd218000002",
    "https://unkode-mania.net/view/5190dc9e1cf16d2d2a000016",
    "https://unkode-mania.net/view/5191a1931cf16d820f000004",
    "https://unkode-mania.net/view/519707ae1cf16da90d000003",
    "https://unkode-mania.net/view/51af610a6381d5922a000001",
    "https://unkode-mania.net/view/51c0166bb8c18e0465000007",
    "https://unkode-mania.net/view/51c7ef5db8c18e685d000001",
    "https://unkode-mania.net/view/51cc21d8b8c18e2506000003",
    "https://unkode-mania.net/view/51de08849190041a36000001",
    "https://unkode-mania.net/view/51f37c6381b8a1011b000003",
    "https://unkode-mania.net/view/52024793b2b9fa4568000000",
    "https://unkode-mania.net/view/5209ee29b2b9fa7c32000005",
    "https://unkode-mania.net/view/520b0877b2b9fa560f000001",
    "https://unkode-mania.net/view/5212b0f0b2b9fa3c47000001",
    "https://unkode-mania.net/view/521352c6b2b9fa6f1c000000",
    "https://unkode-mania.net/view/521812a8b2b9fae71d000003",
    "https://unkode-mania.net/view/5218a43bb2b9fa035b000002",
    "https://unkode-mania.net/view/5219b045b2b9fac542000001",
    "https://unkode-mania.net/view/522b4dd4b2b9fae40b000001",
    "https://unkode-mania.net/view/522c89d8b2b9faa16b000006",
    "https://unkode-mania.net/view/522eeb37b2b9fa8003000001",
    "https://unkode-mania.net/view/52395beb3708049858000001",
    "https://unkode-mania.net/view/52516fb93708040c73000002",
    "https://unkode-mania.net/view/5257de2f5d669d546d000001",
    "https://unkode-mania.net/view/526427c15d669d694f000001",
    "https://unkode-mania.net/view/526a14f85d669db32a000001",
    "https://unkode-mania.net/view/527769f35d669df21d000000",
    "https://unkode-mania.net/view/527b156d5d669d9935000002",
    "https://unkode-mania.net/view/5284f2d35d669d8f02000001",
    "https://unkode-mania.net/view/528731d85d669de737000010",
    "https://unkode-mania.net/view/529b4a105d669d865800000b",
    "https://unkode-mania.net/view/52a4e39a5d669d6b2f000001",
    "https://unkode-mania.net/view/52a6c4935d669d0c26000001",
    "https://unkode-mania.net/view/52aef600657e6e7108000001",
    "https://unkode-mania.net/view/52b6d8a71c1ccdd765000000",
    "https://unkode-mania.net/view/52bacae31c1ccded50000003",
    "https://unkode-mania.net/view/52baf98e1c1ccded50000007",
    "https://unkode-mania.net/view/52bbda811c1ccd8d64000007",
    "https://unkode-mania.net/view/52c03d4c1c1ccdab4d000004",
    "https://unkode-mania.net/view/52c0e1161c1ccdab4d00001b",
    "https://unkode-mania.net/view/52d544061c1ccdce27000001",
    "https://unkode-mania.net/view/52d581f81c1ccdce27000002",
    "https://unkode-mania.net/view/52d667c01c1ccdb949000003",
    "https://unkode-mania.net/view/52f9cce1e41bfe2c63000003",
    "https://unkode-mania.net/view/53055057e41bfe5b09000001",
    "https://unkode-mania.net/view/5309f3b9e41bfed506000002",
    "https://unkode-mania.net/view/53342e93e41bfe1d69000000",
    "https://unkode-mania.net/view/5351e989e41bfe4c46000001",
    "https://unkode-mania.net/view/535678aae41bfe8422000007",
    "https://unkode-mania.net/view/53702ff1e41bfe7f73000001",
    "https://unkode-mania.net/view/53754395e41bfe7e6a000001",
    "https://unkode-mania.net/view/5377b10be41bfed414000004",
    "https://unkode-mania.net/view/5390b0fee41bfe1959000001",
    "https://unkode-mania.net/view/5399cc1ce41bfe3e34000000",
    "https://unkode-mania.net/view/539b38bfe41bfe8753000001",
    "https://unkode-mania.net/view/53a178ebe41bfefd61000001",
    "https://unkode-mania.net/view/53a813f8e41bfea202000001",
    "https://unkode-mania.net/view/53abd8fee41bfe635b000001",
    "https://unkode-mania.net/view/53b218e3e41bfed36a000002",
    "https://unkode-mania.net/view/53b69209e41bfe5a56000002",
    "https://unkode-mania.net/view/53d13146e41bfed411000001",
    "https://unkode-mania.net/view/53e61077e41bfe574e000001",
    "https://unkode-mania.net/view/53fd9edae41bfef727000001",
    "https://unkode-mania.net/view/5405b81be41bfea01b000001",
    "https://unkode-mania.net/view/540f0240e41bfe8111000012",
    "https://unkode-mania.net/view/544a75a2e41bfef053000001",
    "https://unkode-mania.net/view/547b0953e41bfe066d000001",
    "https://unkode-mania.net/view/5487ce6fe41bfe103a000001",
    "https://unkode-mania.net/view/549cdc84e41bfe916d000001",
    "https://unkode-mania.net/view/54bfcce2e41bfe0955000001",
    "https://unkode-mania.net/view/54c1b1c6e41bfea568000001",
    "https://unkode-mania.net/view/54ebd734fe54fe2959000001",
    "https://unkode-mania.net/view/54fd933cfe54fe1279000001",
    "https://unkode-mania.net/view/552b94f40e6401224b000001",
    "https://unkode-mania.net/view/553145d20e6401353f000001",
    "https://unkode-mania.net/view/553ba8200e64015a3f000001",
    "https://unkode-mania.net/view/553bb2340e64015a3f000003",
    "https://unkode-mania.net/view/556474590e64010d13000001",
    "https://unkode-mania.net/view/5567087c0e6401fb42000001",
    "https://unkode-mania.net/view/556dc1fa0e64011935000001",
    "https://unkode-mania.net/view/55705da50e64019663000001",
    "https://unkode-mania.net/view/557239f70e64018879000000",
    "https://unkode-mania.net/view/557454f40e6401fd23000000",
    "https://unkode-mania.net/view/557c4f6cc1dc38b62b000001",
    "https://unkode-mania.net/view/5599f4064db97d7377000010",
    "https://unkode-mania.net/view/55a373764db97d7160000000",
    "https://unkode-mania.net/view/55c224e94db97d8205000001",
    "https://unkode-mania.net/view/55e595f94eba59860d000001",
    "https://unkode-mania.net/view/5602a63640a6737b3b000009",
    "https://unkode-mania.net/view/56a649f234ea5eeb0f000000",
    "https://unkode-mania.net/view/56dc11132e73d90b6d000001",
    "https://unkode-mania.net/view/56fc373c55e2865e0e000001",
    "https://unkode-mania.net/view/571f3799b329e8006e000001",
    "https://unkode-mania.net/view/5756b4ba7d15a5e06b000001",
    "https://unkode-mania.net/view/575ff94e0c13e9546b000000",
    "https://unkode-mania.net/view/576015f58f52511105000002",
    "https://unkode-mania.net/view/57635442cda0fbf523000001",
    "https://unkode-mania.net/view/576499584d5aa2623f00005c",
    "https://unkode-mania.net/view/576a9215a02c3b2824000000",
    "https://unkode-mania.net/view/5887822c3bbe8bb238000000",
    "https://unkode-mania.net/view/589177e133102a4439000001",
    "https://unkode-mania.net/view/58a300b0535c6e0a2d000000",
    "https://unkode-mania.net/view/58a3aa2f4e18cb9038000000",
    "https://unkode-mania.net/view/58a5574ff2f1fd7253000000",
    "https://unkode-mania.net/view/58df4e2935e1f1280d000003",
    "https://unkode-mania.net/view/58dff7ed2e89749614000000",
    "https://unkode-mania.net/view/58e25c7f818b81603e000001",
    "https://unkode-mania.net/view/58fb3a6025df90721b000001",
    "https://unkode-mania.net/view/590d475d73a09a4c21000001",
    "https://unkode-mania.net/view/592014628e5526a51a000000",
    "https://unkode-mania.net/view/5920fb85688495dc3e000001",
    "https://unkode-mania.net/view/5921b2f9afb48db414000002",
    "https://unkode-mania.net/view/5922b70c1e83eec653000000",
    "https://unkode-mania.net/view/593bd76242f61dca64000002",
    "https://unkode-mania.net/view/59426e10d6d0abbe48000001",
    "https://unkode-mania.net/view/5964ecf1e6502f7c7f000000",
    "https://unkode-mania.net/view/597626c72602b70828000004",
    "https://unkode-mania.net/view/59762a15b605ccd936000004",
    "https://unkode-mania.net/view/597633fcb605ccd93600000d",
    "https://unkode-mania.net/view/5977429c0914eb2566000000",
    "https://unkode-mania.net/view/5979dc4009c6558220000000",
    "https://unkode-mania.net/view/59ae7a3d47c4b16f60000001",
    "https://unkode-mania.net/view/59b75491cd22555717000001",
    "https://unkode-mania.net/view/59d799997f80ff3e15000001",
    "https://unkode-mania.net/view/59f2f18e4c15bae844000007",
    "https://unkode-mania.net/view/59f8256af04e006b5800000e",
    "https://unkode-mania.net/view/5a2a90c7472a525c0d000000",
    "https://unkode-mania.net/view/5a5361d163ba754d76000000",
    "https://unkode-mania.net/view/5a8565efa7e97d7754000001",
    "https://unkode-mania.net/view/5a8bfed2b1a2119649000001",
    "https://unkode-mania.net/view/5a92549db2a4473130000001",
    "https://unkode-mania.net/view/5a94e365e29e513e55000008",
    "https://unkode-mania.net/view/5ab80330bc70b61347000001",
    "https://unkode-mania.net/view/5ace1bea00aa661e49000004",
    "https://unkode-mania.net/view/5ad1de7fa257e48c13000029",
    "https://unkode-mania.net/view/5ae175131cbf917f72000001",
    "https://unkode-mania.net/view/5b0fc79bb7da433066000001",
    "https://unkode-mania.net/view/5b11449d6d5a5f555d000000",
    "https://unkode-mania.net/view/5b6e697cf48a20ea5a000004",
    "https://unkode-mania.net/view/5b7e31f3402f783530000000",
    "https://unkode-mania.net/view/5b89547adf0ff9a469000000",
    "https://unkode-mania.net/view/5bd00d169e70e9586b000001",
    "https://unkode-mania.net/view/5be05239f1de81a802000005",
    "https://unkode-mania.net/view/5be41ecd0c70ba1f2e000001",
    "https://unkode-mania.net/view/5bef9f9289b479603d000001",
    "https://unkode-mania.net/view/5c176571e24fd64313000001",
    "https://unkode-mania.net/view/5c239804cddc712b56000000",
    "https://unkode-mania.net/view/5c23988dcddc712b56000003",
    "https://unkode-mania.net/view/5c2398f8cddc712b56000005",
    "https://unkode-mania.net/view/5c38993836cfa9332e000000",
    "https://unkode-mania.net/view/5c3e80a0d7ab982064000001",
    "https://unkode-mania.net/view/5c3ea3e889f6d5be68000000",
    "https://unkode-mania.net/view/5c45311e3d65f80a0f000001",
    "https://unkode-mania.net/view/5c5fe9df2419ff8e19000000",
    "https://unkode-mania.net/view/5c62b3115fc9f4ab4c000000",
    "https://unkode-mania.net/view/5c62dda412ae17714f000000",
    "https://unkode-mania.net/view/5c6c05cdc546edaa04000000",
    "https://unkode-mania.net/view/5c6d5c27abad2ee020000000",
    "https://unkode-mania.net/view/5c8f95de80271fee52000001",
    "https://unkode-mania.net/view/5ca53436d02f7efc76000001",
    "https://unkode-mania.net/view/5cb363a3a4ca4a4e07000000",
    "https://unkode-mania.net/view/5df0a4469724c38714000000",
    "https://unkode-mania.net/view/61331f87c4b6a6cc50ed29f2",
    "https://unkode-mania.net/view/6145beaf94b791c966bf7a71",
    "https://unkode-mania.net/view/615d7a80faae73b8292f0f68",
    "https://unkode-mania.net/view/616828fb2bacf17d4c67dd16",
    "https://unkode-mania.net/view/61c42ed708ba992073692e6b",
    "https://unkode-mania.net/view/61c5151f0b7d2b62519ec03d",
    "https://unkode-mania.net/view/634900c616a61bafcb25b880",
    "https://unkode-mania.net/view/635201b33f52c21efbd59ba8",
    "https://unkode-mania.net/view/63e626f9ea7172ff1d53b369",
    "https://unkode-mania.net/view/63f08525ea21bd475dcd8f8a",
    "https://unkode-mania.net/view/63f33bfe2d2fef9270888e8e",
    "https://unkode-mania.net/view/63fdaa0de4f85b3815eefba2",
    "https://unkode-mania.net/view/6400bcaaecfae3d421e653e4",
    "https://unkode-mania.net/view/6400c3d07308fafe1d1c26a3",
    "https://unkode-mania.net/view/64140ac27f7faf38c6b49870",
    "https://unkode-mania.net/view/6425bb6d09bb26daa8fefb57",
    "https://unkode-mania.net/view/64436a0704bfedcb6e68024c"
  ]
}